param_model__C,param_model__class_weight,mean_test_score,std_test_score,mean_train_score,rank_test_score
0.15,balanced,0.9944444444444445,0.005196746370519345,1.0,1
0.15,,0.9944444444444445,0.005196746370519345,1.0,1
0.1,balanced,0.9944444444444445,0.005196746370519345,1.0,1
0.1,,0.9944444444444445,0.005196746370519345,1.0,1
0.2,balanced,0.9944444444444445,0.005196746370519345,1.0,1
0.2,,0.9944444444444445,0.005196746370519345,1.0,1
0.005,balanced,0.9902777777777778,0.010393492741038728,1.0,7
0.005,,0.9888888888888889,0.009419902754340664,1.0,8
0.001,balanced,0.9669444444444444,0.03518469785237558,0.9884191176470589,9
0.001,,0.961111111111111,0.03447131568330794,0.9937091503267974,10
